CID,status,stored_prediction,experimental_pLD50,Abs MaxPos-MaxNeg,B02[C-S],P_VSA_charge_10,sm1(GK)[Banerjee-Roy similarity coefficient 1],SP-2,SPC-4
1017,Test,1.9579,1.82,0.782511317,0,0,-1,5.100200143,1.942670774
2347,Train,1.7401,1.87,0.245696828,0,4.592384883,-0.467265797,9.14390207,2.378495532
2391,Train,1.7293,1.31,0.027118252,0,10.48685619,-0.63155021,11.79614978,3.040318622
2787,Test,3.3353,2.47,0.014810193,0,10.48685619,1,14.96193871,8.906625344
2898,Test,2.1496,1.46,0.758311677,0,10.48685619,-0.989590806,11.79614978,3.040318622
3026,Train,1.7242,1.9,1.61e-31,0,0,0.604321979,7.558297871,1.94548283
3259,Train,2.3458,2.32,0.184925235,0,0,-0.999999991,13.48742214,8.024753515
4115,Train,2.9869,2.83,0.73766951,0,10.48685619,1,9.269916603,3.376960498
5502,Train,2.0082,2,0.33516091,0,2.756747554,-0.87056643,11.33614938,4.776525757
6623,Train,1.979,1.98,0.451786619,0,0,-0.89860735,7.734958563,3.72806743
6626,Train,2.3356,2.19,0.033772976,1,0,-0.058565702,7.734958563,3.72806743
6781,Train,1.6383,1.56,0.166454479,0,0,-0.36706464,6.144084309,1.94548283
6782,Test,1.8415,1.44,0.589539707,0,0,-0.62538883,8.509128278,2.522833099
6785,Train,1.8419,1.69,0.661232589,0,0,-0.814100546,7.826606294,2.353731121
6787,Train,1.3159,1.29,0.02561991,0,0,-0.034625608,11.09383178,1.94548283
6819,Train,1.7376,1.43,0.626204611,0,0,-0.770974577,9.240819856,2.353731121
8343,Train,1.9798,2.42,0.996171611,0,0,-1,10.55443902,2.93108139
8344,Train,1.9509,1.95,0.472062378,0,9.184769766,-0.897767401,7.558297871,1.94548283
8346,Test,1.4663,1.78,0.269012832,0,0,-0.269359142,10.386725,1.94548283
8554,Train,1.5648,1.46,0.191686848,0,0,-0.927534681,5.383230621,2.083554018
8573,Train,2.6714,2.79,0.000584744,0,11.771102,0.999998979,7.55535819,3.639551863
10708,Train,1.9035,1.92,0.418759663,0,0,-0.726170942,6.632892214,2.943827178
12442,Train,1.8778,1.82,0.184924919,0,0,-0.999998282,7.079201436,4.087178855
15854,Train,3.0025,3.25,0.057596706,0,11.614578,0.612801118,13.33595025,7.158500874
18725,Train,1.3126,0.96,0.002095523,0,0,-0.999976972,14.81425052,4.404817017
20326,Test,3.0891,3.1,0.984070025,0,10.48685619,1,10.03077029,3.257387343
20327,Train,2.9673,3.3,0.879605435,0,10.48685619,1,10.73787707,3.257387343
23871,Train,3.0237,3.23,0.987946256,0,10.48685619,1,8.960328669,2.643722186
24072,Train,1.5658,1.7,0.002095298,0,9.184769766,-0.999869514,14.47014913,3.89096566
26391,Train,2.7827,2.84,0.000487396,0,15.73028428,1,13.95225973,5.324310629
30580,Train,1.9404,2.42,0.478770889,0,0,-0.881884571,10.01053431,4.10539833
33934,Train,1.6869,2.15,0.256259425,0,0,0.257244256,11.3375554,2.522833099
36713,Train,3.0055,2.89,0.879605435,0,10.48685619,1,10.35745023,3.31717392
41819,Train,2.7099,2.15,0.686987536,0,10.48685619,0.689641859,8.960328669,2.643722186
41821,Train,3.0908,2.67,0.986311386,0,10.48685619,1,10.03077029,3.257387343
65913,Train,2.8727,2.58,0.746829795,0,10.48685619,1,10.09498311,3.078950802
70897,Train,2.8717,2.93,1.01e-08,1,10.48685619,-0.994954051,12.70044814,7.181626459
76302,Test,2.0534,2,0.306012137,0,0,0.320695277,8.931712645,3.20785852
100191,Train,3.8927,3.98,0.000179293,1,23.54220399,0.989148721,20.91878444,9.198834732
100570,Test,3.3836,2.97,0.931688405,0,15.73028428,1,13.12822374,4.753990543
171260,Test,1.5616,1.01,0.012443979,0,0,0.012506221,10.21623506,2.761979411
200529,Test,1.6419,1.18,0.224166943,0,0,-0.377494243,11.52908019,3.349513036
202896,Train,2.1455,1.77,0.120730313,0,0,-0.313591933,12.88720572,6.228552056
210559,Test,2.3281,2.2,0.763040555,0,0,-0.791302791,11.80838406,5.309328173
214768,Train,2.9486,3.08,0.73766951,0,10.48685619,1,9.650343447,3.31717392
214769,Test,3.0641,3.71,0.981260794,0,10.48685619,1,10.38432368,3.257387343
767036,Train,1.9009,2.13,0.013204081,0,5.243428095,0.040959688,8.779472581,2.933875149
3034829,Train,2.5415,2.45,0.006489297,0,15.07924107,0.988573366,16.21947598,5.013975554
3047066,Train,2.9977,3.25,0.983922403,0,10.48685619,1,9.31388206,2.643722186
3047067,Train,3.0689,2.87,0.987946256,0,10.48685619,1,10.38432368,3.257387343
3047068,Train,2.2921,2.56,0.593790103,0,10.48685619,-0.596084337,10.38432368,3.257387343
3056769,Test,4.0799,3.83,0.731968024,0,23.54220399,0.999998721,21.79984328,9.696203165
3066198,Train,2.7399,2.98,0.069025723,0,20.32266917,1,14.58970016,4.327728847
3066711,Test,2.7253,3.11,0.184513153,0,15.73028428,1,13.02903999,4.208155691
3066712,Train,2.8269,2.9,0.170965201,0,20.32266917,0.915299205,13.07856881,4.063818124
3066715,Train,2.84,2.96,0.167243034,0,15.73028428,1,13.95719234,5.042665678
3066716,Train,3.0096,2.92,0.211494666,0,20.32266917,1,14.00672116,4.89832811
3066718,Train,3.0168,2.84,0.188763332,0,20.32266917,1,19.08311516,6.474116661
3079007,Train,3.0023,2.91,0.167243034,0,20.32266917,1,13.12822374,4.753990543
3079008,Test,3.2249,2.9,0.474128869,0,20.32266917,1,13.12822374,4.753990543
3079009,Train,2.8864,2.94,0.277998771,0,15.73028428,1,13.48177713,4.753990543
3089902,Train,2.2159,2.17,1.97e-06,0,2.756747554,1,12.76620902,4.637106528
4485134,Train,4.1706,4.15,0.007503985,0,45.14911897,1,16.86968849,7.385633822
